CONFIG_ID,CONFIG_NAME,QUESTION_ID,QUESTION_TEXT,AGENT_RESPONSE,EXPECTED_ANSWER,JUDGE_RAW,SCORE
3,gs1_search,1,How much does the GoldenHarvest Honey Granola cost?, $5.49,$5.49,"{
  ""reason"": ""Perfect match to the expected answer."",
  ""score"": 5
}",5
3,gs1_search,2,What allergens does the MorningField Fruit & Nut Muesli contain?," Contains wheat (gluten), milk, and tree nuts.","Contains wheat (gluten), milk, and tree nuts","{
  ""reason"": ""The agent response is a perfect match to the expected answer, containing all key facts."",
  ""score"": 5
}",5
3,gs1_search,3,How many calories per 100g does the CreamValley Greek Yogurt Plain have?,97 kcal per 100g,97 kcal per 100g,"{
  ""reason"": ""Perfect match to the expected answer."",
  ""score"": 5
}",5
3,gs1_search,4,Which products are gluten-free and cost less than $4?, No products are gluten-free and cost less than $4.,"CreamValley Vanilla Bean Yogurt ($1.19), CreamValley Greek Yogurt Strawberry ($1.49), FrostBite Mixed Vegetables ($2.49), MountainSpring Coconut Water ($2.99), PureDairy 2% Reduced Fat Milk ($3.29), CleanHome Dish Soap ($3.29), FreshSqueeze Cranberry Juice Cocktail ($3.49), FreshSqueeze Lemonade ($3.79), SunriseGrains Chocolate Puffs ($3.99), CrunchCraft Sea Salt Kettle Chips ($3.99), CreamValley Cottage Cheese ($3.99), FreshSqueeze Apple Juice ($3.99)","{
  ""reason"": ""The agent's response is completely wrong and does not provide any relevant information related to the expected answer."",
  ""score"": 0
}",0
3,gs1_search,5,What is the protein content of the WisconsinPride Sharp Cheddar?,25g protein per 100g,25g protein per 100g,"{
  ""reason"": ""Perfect match to the expected answer."",
  ""score"": 5
}",5
3,gs1_search,7,Is the NaturePath Organic Corn Flakes gluten-free?," Yes, NaturePath Organic Corn Flakes are gluten-free.","Yes, it is gluten-free. Produced in a gluten-free facility with no major allergens.","{
  ""reason"": ""The agent's response correctly states that the product is gluten-free but does not mention that it is produced in a gluten-free facility with no major allergens."",
  ""score"": 4
}",4
3,gs1_search,10,How much fat per 100g is in the PureDairy Butter?,81g fat per 100g,81g fat per 100g,"{
  ""reason"": ""Perfect match to the expected answer."",
  ""score"": 5
}",5
3,gs1_search,12,Which frozen product has the lowest calories?, FrostBite Mixed Vegetables 16oz has the lowest calories with 55 kcal per 100g.,FrostBite Mixed Vegetables with 55 kcal per 100g,"{
  ""reason"": ""The agent response contains all key facts and is a perfect match to the expected answer."",
  ""score"": 5
}",5
3,gs1_search,13,Does the HearthBaked Everything Bagels contain eggs?," Yes, HearthBaked Everything Bagels contain eggs.","Yes, contains wheat (gluten), milk, sesame, soy, and eggs","{
  ""reason"": ""The agent's response only mentions eggs, missing the other key allergens (wheat, milk, sesame, soy) mentioned in the expected answer."",
  ""score"": 2
}",2
3,gs1_search,15,List all products from the DarkBliss brand with their prices," DarkBliss 72% Dark Chocolate Bar 3.5oz - $4.99
DarkBliss Milk Chocolate Almonds 5oz - $5.49
DarkBliss White Chocolate Raspberry Bar 3oz - $4.49","DarkBliss 72% Dark Chocolate Bar 3.5oz ($4.99), DarkBliss Milk Chocolate Almonds 5oz ($5.49), DarkBliss White Chocolate Raspberry Bar 3oz ($4.49)","{
  ""reason"": ""Perfect match, all key facts are present."",
  ""score"": 5
}",5
3,gs1_search,16,Which product has the highest protein per 100g?, SunriseGrains Protein Crunch 15oz has the highest protein per 100g with 20g of protein.,PrimeCut Thick Cut Bacon with 37g protein per 100g,"{
  ""reason"": ""The agent's response mentions a different product and provides incorrect protein content compared to the expected answer."",
  ""score"": 1
}",1
3,gs1_search,17,What is the sugar content of the FreshSqueeze Lemonade?,10.5g sugar per 100g,10.5g sugar per 100g,"{
  ""reason"": ""Perfect match to the expected answer."",
  ""score"": 5
}",5
3,gs1_search,18,Which beverages contain no allergens and cost under $5?," FreshSqueeze Orange Juice No Pulp 52oz - $4.99
FreshSqueeze Lemonade 52oz - $3.79
MountainSpring Still Water 24pk - $4.29","FreshSqueeze Apple Juice ($3.99), MountainSpring Still Water 24pk ($4.29), LeafBrew Green Tea Bags ($4.49), FreshSqueeze Orange Juice ($4.99), FreshSqueeze Lemonade ($3.79), FreshSqueeze Cranberry Juice Cocktail ($3.49), MountainSpring Coconut Water ($2.99)","{
  ""reason"": ""The agent response contains three out of the seven expected items with correct prices. While it's not a perfect match, it includes critical facts and is mostly correct."",
  ""score"": 4
}",4
3,gs1_search,20,How many products are in the Meat & Poultry category?,5 products are in the Meat & Poultry category.,5 products,"{
  ""reason"": ""The agent response perfectly matches the expected answer, containing all key facts."",
  ""score"": 5
}",5
3,gs1_search,21,Which products have more than 15g of protein per 100g and no gluten?, None of the products have more than 15g of protein per 100g and are gluten-free.,"WisconsinPride Sharp Cheddar (25g), WisconsinPride Mozzarella Shredded (28g), PrimeCut Ground Beef (19g), PrimeCut Boneless Chicken Breast (22g), PrimeCut Thick Cut Bacon (37g), PrimeCut Italian Sausage (16g), PrimeCut Sliced Turkey Deli Meat (18g), NutHouse Roasted Almonds (21g), NutHouse Cashews Salted (18g), FrostBite Chicken Tenders (18g)","{
  ""reason"": ""The agent's response is completely wrong and does not contain any relevant information related to the expected answer."",
  ""score"": 0
}",0
3,gs1_search,24,Is the FrostBite Pepperoni Pizza suitable for someone with a soy allergy?," No, the FrostBite Pepperoni Pizza is not suitable for someone with a soy allergy as it contains soy.","No, it contains soy","{
  ""reason"": ""The agent response perfectly matches the expected answer, explicitly stating that the pizza contains soy."",
  ""score"": 5
}",5
3,gs1_search,25,What is the salt content of the CrunchCraft Pretzel Thins?, The product data provided does not include information on the salt content of the CrunchCraft Pretzel Thins.,2.5g salt per 100g,"{
  ""reason"": ""The agent response does not provide any information about the salt content, which is completely wrong or no info."",
  ""score"": 0
}",0
1,web_search,1,How much does the GoldenHarvest Honey Granola cost?, $5.49,$5.49,"{
  ""reason"": ""Perfect match to the expected answer."",
  ""score"": 5
}",5
1,web_search,2,What allergens does the MorningField Fruit & Nut Muesli contain?," The MorningField Swiss-style muesli with dried cranberries, raisins and almonds contains wheat (gluten), milk, and tree nuts.","Contains wheat (gluten), milk, and tree nuts","{
  ""reason"": ""The agent response contains all key facts mentioned in the expected answer."",
  ""score"": 5
}",5
1,web_search,3,How many calories per 100g does the CreamValley Greek Yogurt Plain have?, The product data provided does not include calorie information for the CreamValley Thick and creamy strained Greek yogurt.,97 kcal per 100g,"{
  ""reason"": ""The agent's response barely provides relevant information and does not include the expected calorie information."",
  ""score"": 1
}",1
1,web_search,4,Which products are gluten-free and cost less than $4?, None of the products are gluten-free and cost less than $4.,"CreamValley Vanilla Bean Yogurt ($1.19), CreamValley Greek Yogurt Strawberry ($1.49), FrostBite Mixed Vegetables ($2.49), MountainSpring Coconut Water ($2.99), PureDairy 2% Reduced Fat Milk ($3.29), CleanHome Dish Soap ($3.29), FreshSqueeze Cranberry Juice Cocktail ($3.49), FreshSqueeze Lemonade ($3.79), SunriseGrains Chocolate Puffs ($3.99), CrunchCraft Sea Salt Kettle Chips ($3.99), CreamValley Cottage Cheese ($3.99), FreshSqueeze Apple Juice ($3.99)","{
  ""reason"": ""The agent's response is completely wrong and does not provide any relevant information related to the expected answer."",
  ""score"": 0
}",0
1,web_search,5,What is the protein content of the WisconsinPride Sharp Cheddar?, The protein content is not listed in the provided product data for the WisconsinPride Aged 12 months Wisconsin sharp cheddar block.,25g protein per 100g,"{
  ""reason"": ""The agent response does not provide the expected protein content and states that the information is not available."",
  ""score"": 0
}",0
1,web_search,7,Is the NaturePath Organic Corn Flakes gluten-free?," Yes, NaturePath Simple organic corn flakes are gluten-free.","Yes, it is gluten-free. Produced in a gluten-free facility with no major allergens.","{
  ""reason"": ""The agent's response correctly states that the product is gluten-free but does not mention that it is produced in a gluten-free facility with no major allergens."",
  ""score"": 4
}",4
1,web_search,10,How much fat per 100g is in the PureDairy Butter?, The PureDairy Sweet cream unsalted butter does not provide the fat content per 100g in the given product data.,81g fat per 100g,"{
  ""reason"": ""The agent's response barely provides relevant information and does not match the expected answer of 81g fat per 100g."",
  ""score"": 1
}",1
1,web_search,12,Which frozen product has the lowest calories?," The product with the lowest calories is not explicitly stated in the provided data. However, the FrostBite Flash-frozen mixed vegetables at $2.49 for 16 oz is likely to have the lowest calories among the listed frozen products, as it consists of vegetables only.",FrostBite Mixed Vegetables with 55 kcal per 100g,"{
  ""reason"": ""The agent response correctly identifies the product as FrostBite mixed vegetables but does not provide the specific calorie information (55 kcal per 100g)."",
  ""score"": 3
}",3
1,web_search,13,Does the HearthBaked Everything Bagels contain eggs?, Allergens are not listed for the HearthBaked New York style everything bagels.,"Yes, contains wheat (gluten), milk, sesame, soy, and eggs","{
  ""reason"": ""The agent's response barely provides relevant information and does not match the expected answer, which specifically lists the allergens."",
  ""score"": 1
}",1
1,web_search,15,List all products from the DarkBliss brand with their prices," DarkBliss Premium dark chocolate, 72% cacao, single origin Ghana - $4.99
DarkBliss Creamy white chocolate with freeze-dried raspberry pieces - $4.49
DarkBliss Roasted almonds coated in smooth milk chocolate - $5.49","DarkBliss 72% Dark Chocolate Bar 3.5oz ($4.99), DarkBliss Milk Chocolate Almonds 5oz ($5.49), DarkBliss White Chocolate Raspberry Bar 3oz ($4.49)","{
  ""reason"": ""The agent response contains all the key facts, including the types of chocolate, their descriptions, and prices. However, it does not include the weights of the products, which is why it is not a perfect match."",
  ""score"": 4
}",4
1,web_search,16,Which product has the highest protein per 100g?," The product with the highest protein content per 100g is not explicitly listed in the provided data. However, the SunriseGrains High-protein cereal with soy crisps and flaxseed is described as high-protein, suggesting it may have the highest protein content among the listed products.",PrimeCut Thick Cut Bacon with 37g protein per 100g,"{
  ""reason"": ""The agent's response barely mentions relevant information and does not identify the correct product with the highest protein content, which is PrimeCut Thick Cut Bacon with 37g protein per 100g."",
  ""score"": 1
}",1
1,web_search,17,What is the sugar content of the FreshSqueeze Lemonade?, The sugar content is not listed in the provided product data for FreshSqueeze Old-fashioned Lemonade.,10.5g sugar per 100g,"{
  ""reason"": ""The agent's response indicates that the sugar content is not listed, which is barely relevant to the expected answer of 10.5g sugar per 100g."",
  ""score"": 1
}",1
1,web_search,18,Which beverages contain no allergens and cost under $5?," MountainSpring Naturally flavored sparkling mineral water - $5.49, 144 fl oz
LeafBrew Premium Japanese sencha green tea - $4.49, 20ct
FRESHSQUEEZE Old-fashioned lemonade - $4.93, 52fl oz (SALE - Save 20%)","FreshSqueeze Apple Juice ($3.99), MountainSpring Still Water 24pk ($4.29), LeafBrew Green Tea Bags ($4.49), FreshSqueeze Orange Juice ($4.99), FreshSqueeze Lemonade ($3.79), FreshSqueeze Cranberry Juice Cocktail ($3.49), MountainSpring Coconut Water ($2.99)","{
  ""reason"": ""The agent response contains some correct items and prices, such as LeafBrew Green Tea Bags ($4.49), but it also includes items not in the expected answer and misses several expected items. The price for FreshSqueeze Lemonade is different and marked as on sale."",
  ""score"": 3
}",3
1,web_search,20,How many products are in the Meat & Poultry category?,5 products are in the Meat & Poultry category.,5 products,"{
  ""reason"": ""The agent response perfectly matches the expected answer, containing all key facts."",
  ""score"": 5
}",5
1,web_search,21,Which products have more than 15g of protein per 100g and no gluten?, None of the provided products list a protein content of more than 15g per 100g and are gluten-free.,"WisconsinPride Sharp Cheddar (25g), WisconsinPride Mozzarella Shredded (28g), PrimeCut Ground Beef (19g), PrimeCut Boneless Chicken Breast (22g), PrimeCut Thick Cut Bacon (37g), PrimeCut Italian Sausage (16g), PrimeCut Sliced Turkey Deli Meat (18g), NutHouse Roasted Almonds (21g), NutHouse Cashews Salted (18g), FrostBite Chicken Tenders (18g)","{
  ""reason"": ""The agent's response is completely wrong and does not contain any relevant information related to the expected answer."",
  ""score"": 0
}",0
1,web_search,24,Is the FrostBite Pepperoni Pizza suitable for someone with a soy allergy?," No, the FrostBite Thin crust pepperoni pizza contains soy.","No, it contains soy","{
  ""reason"": ""The agent response is a perfect match and contains all key facts."",
  ""score"": 5
}",5
1,web_search,25,What is the salt content of the CrunchCraft Pretzel Thins?, The salt content is not listed in the provided product data for CRUNCHCRAFT Thin and crispy pretzel crackers.,2.5g salt per 100g,"{
  ""reason"": ""The agent response does not provide the expected answer and states that the information is not available."",
  ""score"": 0
}",0
4,gs1_analyst,1,How much does the GoldenHarvest Honey Granola cost?, The GoldenHarvest Honey Granola costs $5.49.,$5.49,"{
  ""reason"": ""The agent response perfectly matches the expected answer, providing the exact price of $5.49."",
  ""score"": 5
}",5
4,gs1_analyst,2,What allergens does the MorningField Fruit & Nut Muesli contain?," The MorningField Fruit & Nut Muesli contains the following allergens:
- Wheat (gluten)
- Milk
- Tree nuts","Contains wheat (gluten), milk, and tree nuts","{
  ""reason"": ""The agent response is a perfect match to the expected answer, containing all key facts about the allergens in the product."",
  ""score"": 5
}",5
4,gs1_analyst,3,How many calories per 100g does the CreamValley Greek Yogurt Plain have?, The CreamValley Greek Yogurt Plain has 97.0 kcal per 100g.,97 kcal per 100g,"{
  ""reason"": ""The agent response is a perfect match to the expected answer, containing the exact calorie information."",
  ""score"": 5
}",5
4,gs1_analyst,4,Which products are gluten-free and cost less than $4?," The following products are gluten-free and cost less than $4:

- NaturePath NaturePath Organic Corn Flakes 12oz | $4.49
- SunriseGrains SunriseGrains Chocolate Puffs 13oz | $3.99
- PureDairy PureDairy 2% Reduced Fat Milk Half Gallon | $3.29
- FreshSqueeze FreshSqueeze Apple Juice 64oz | $3.99
- MountainSpring MountainSpring Still Water 24pk | $4.29
- LeafBrew LeafBrew Green Tea Bags 20ct | $4.49
- LeafBrew LeafBrew English Breakfast Tea 40ct | $5.99
- FreshSqueeze FreshSqueeze Lemonade 52oz | $3.79
- MountainSpring MountainSpring Coconut Water 11.2oz | $2.99
- FreshSqueeze FreshSqueeze Cranberry Juice Cocktail 64oz | $3.49
- CrunchCraft CrunchCraft Sea Salt Kettle Chips 7oz | $3.99
- NutHouse NutHouse Roasted Almonds 12oz | $7.99
- NutHouse NutHouse Trail Mix Classic 16oz | $6.49
- DarkBliss DarkBliss 72% Dark Chocolate Bar 3.5oz | $4.99
- DarkBliss DarkBliss Milk Chocolate Almonds 5oz | $5.49
- DarkBliss DarkBliss White Chocolate Raspberry Bar 3oz | $4.49
- CrunchCraft CrunchCraft Pretzel Thins 8oz | $3.49
- CleanHome CleanHome All-Purpose Cleaner 32oz | $4.49
- CleanHome CleanHome Dish Soap Lemon 22oz | $3.29
- FreshGlow FreshGlow Moisturizing Shampoo 12oz | $6.99
- FreshGlow FreshGlow Conditioner Repair 12oz | $7.49
- FreshGlow FreshGlow Bar Soap Oatmeal 4pk | $4.99
- FrostBite FrostBite Mixed Vegetables 16oz | $2.49
- PrimeCut PrimeCut Ground Beef 85/15 1lb | $6.99
- PrimeCut PrimeCut Boneless Chicken Breast 1.5lb | $8.49
- PrimeCut PrimeCut Thick Cut Bacon 16oz | $7.49
- PrimeCut PrimeCut Italian Sausage Links 5ct | $5.99
- PrimeCut PrimeCut Sliced Turkey Deli Meat 8oz | $4.99","CreamValley Vanilla Bean Yogurt ($1.19), CreamValley Greek Yogurt Strawberry ($1.49), FrostBite Mixed Vegetables ($2.49), MountainSpring Coconut Water ($2.99), PureDairy 2% Reduced Fat Milk ($3.29), CleanHome Dish Soap ($3.29), FreshSqueeze Cranberry Juice Cocktail ($3.49), FreshSqueeze Lemonade ($3.79), SunriseGrains Chocolate Puffs ($3.99), CrunchCraft Sea Salt Kettle Chips ($3.99), CreamValley Cottage Cheese ($3.99), FreshSqueeze Apple Juice ($3.99)","{
  ""reason"": ""The agent response contains most of the critical facts, including the correct prices for SunriseGrains Chocolate Puffs, PureDairy 2% Reduced Fat Milk, FreshSqueeze Apple Juice, MountainSpring Coconut Water, FreshSqueeze Lemonade, FreshSqueeze Cranberry Juice Cocktail, CrunchCraft Sea Salt Kettle Chips, and CleanHome Dish Soap. However, it includes additional items not in the expected answer and misses a few expected items."",
  ""score"": 4
}",4
4,gs1_analyst,5,What is the protein content of the WisconsinPride Sharp Cheddar?, The protein content of the WisconsinPride Sharp Cheddar is 25.0g per 100g.,25g protein per 100g,"{
  ""reason"": ""The agent response perfectly matches the expected answer, providing the exact protein content of 25g per 100g."",
  ""score"": 5
}",5
4,gs1_analyst,7,Is the NaturePath Organic Corn Flakes gluten-free?," Yes, the NaturePath Organic Corn Flakes are gluten-free.","Yes, it is gluten-free. Produced in a gluten-free facility with no major allergens.","{
  ""reason"": ""The agent's response correctly states that the product is gluten-free but does not mention that it is produced in a gluten-free facility with no major allergens."",
  ""score"": 4
}",4
4,gs1_analyst,10,How much fat per 100g is in the PureDairy Butter?, The PureDairy Butter contains 81.0g of fat per 100g.,81g fat per 100g,"{
  ""reason"": ""The agent response perfectly matches the expected answer, providing the exact fat content per 100g."",
  ""score"": 5
}",5
4,gs1_analyst,12,Which frozen product has the lowest calories?," The frozen product with the lowest calories is:

FrostBite FrostBite Mixed Vegetables 16oz
- Calories: 55.0kcal per 100g
- GTIN: 00123456000493
- Price: $2.49
- Weight: 16.0 oz
- Category: Food>Frozen>Frozen Vegetables
- Allergens: No major allergens
- Gluten: False
- Dairy: False
- Nuts: False
- Soy: False
- Eggs: False
- Nutrition per 100g: 55.0kcal, Protein: 2.5g, Fat: 0.3g, Carbs: 10.0g, Sugar: 3.5g, Fibre: 3.5g, Salt: 0.02g
- Origin: USA
- Package: Bag
- In Stock",FrostBite Mixed Vegetables with 55 kcal per 100g,"{
  ""reason"": ""The agent response contains all key facts mentioned in the expected answer, including the product name 'FrostBite Mixed Vegetables' and the calorie count '55 kcal per 100g'. It also provides additional relevant information."",
  ""score"": 5
}",5
4,gs1_analyst,13,Does the HearthBaked Everything Bagels contain eggs?," Yes, the HearthBaked Everything Bagels contain eggs.","Yes, contains wheat (gluten), milk, sesame, soy, and eggs","{
  ""reason"": ""The agent response only mentions eggs, missing other key allergens like wheat (gluten), milk, sesame, and soy."",
  ""score"": 2
}",2
4,gs1_analyst,15,List all products from the DarkBliss brand with their prices," Here are all the products from the DarkBliss brand with their prices:

1. DarkBliss 72% Dark Chocolate Bar 3.5oz - $4.99
2. DarkBliss Milk Chocolate Almonds 5oz - $5.49
3. DarkBliss White Chocolate Raspberry Bar 3oz - $4.49","DarkBliss 72% Dark Chocolate Bar 3.5oz ($4.99), DarkBliss Milk Chocolate Almonds 5oz ($5.49), DarkBliss White Chocolate Raspberry Bar 3oz ($4.49)","{
  ""reason"": ""The agent response perfectly matches the expected answer, containing all key facts."",
  ""score"": 5
}",5
4,gs1_analyst,16,Which product has the highest protein per 100g?," The product with the highest protein per 100g is:

**PrimeCut PrimeCut Thick Cut Bacon 16oz**
- Protein: 37.0g per 100g",PrimeCut Thick Cut Bacon with 37g protein per 100g,"{
  ""reason"": ""The agent response perfectly matches the expected answer, including the exact product name and the correct protein amount per 100g."",
  ""score"": 5
}",5
4,gs1_analyst,17,What is the sugar content of the FreshSqueeze Lemonade?, The sugar content of the FreshSqueeze Lemonade is 10.5g per 100g.,10.5g sugar per 100g,"{
  ""reason"": ""Perfect match, contains all key facts."",
  ""score"": 5
}",5
4,gs1_analyst,18,Which beverages contain no allergens and cost under $5?," The beverages that contain no allergens and cost under $5 are:

1. FreshSqueeze FreshSqueeze Orange Juice No Pulp 52oz | GTIN: 00123456000219 | $4.99 | 52.0 fl oz | Cat: Food>Beverages>Orange Juice | Allergens: No major allergens | Gluten:False Dairy:False Nuts:False Soy:False Eggs:False | Nutrition/100g: 44.0kcal, Protein:0.7g, Fat:0.1g, Carbs:10.4g, Sugar:8.5g, Fibre:0.2g, Salt:0.0g | Origin: USA | Pkg: Carton | In Stock
2. FreshSqueeze FreshSqueeze Apple Juice 64oz | GTIN: 00123456000226 | $3.99 | 64.0 fl oz | Cat: Food>Beverages>Apple Juice | Allergens: No major allergens | Gluten:False Dairy:False Nuts:False Soy:False Eggs:False | Nutrition/100g: 46.0kcal, Protein:0.1g, Fat:0.1g, Carbs:11.3g, Sugar:9.6g, Fibre:0.1g, Salt:0.01g | Origin: USA | Pkg: Bottle | In Stock
3. MountainSpring MountainSpring Sparkling Water Lemon 12pk | GTIN: 00123456000233 | $5.49 | 144.0 fl oz | Cat: Food>Beverages>Sparkling Water | Allergens: No major allergens | Gluten:False Dairy:False Nuts:False Soy:False Eggs:False | Nutrition/100g: 0.0kcal, Protein:0.0g, Fat:0.0g, Carbs:0.0g, Sugar:0.0g, Fibre:0.0g, Salt:0.0g | Origin: USA | Pkg: Can | In Stock
4. MountainSpring MountainSpring Still Water 24pk | GTIN: 00123456000240 | $4.29 | 405.6 fl oz | Cat: Food>Beverages>Still Water | Allergens: No major allergens | Gluten:False Dairy:False Nuts:False Soy:False Eggs:False | Nutrition/100g: 0.0kcal, Protein:0.0g, Fat:0.0g, Carbs:0.0g, Sugar:0.0g, Fibre:0.0g, Salt:0.0g | Origin: USA | Pkg: Bottle | In Stock
5. LeafBrew LeafBrew Green Tea Bags 20ct | GTIN: 00123456000257 | $4.49 | 20.0 ct | Cat: Food>Beverages>Green Tea | Allergens: No major allergens | Gluten:False Dairy:False Nuts:False Soy:False Eggs:False | Nutrition/100g: 1.0kcal, Protein:0.0g, Fat:0.0g, Carbs:0.2g, Sugar:0.0g, Fibre:0.0g, Salt:0.0g | Origin: Japan | Pkg: Box | In Stock
6. LeafBrew LeafBrew English Breakfast Tea 40ct | GTIN: 00123456000264 | $5.99 | 40.0 ct | Cat: Food>Beverages>Black Tea | Allergens: No major allergens | Gluten:False Dairy:False Nuts:False Soy:False Eggs:False | Nutrition/100g: 1.0kcal, Protein:0.0g, Fat:0.0g, Carbs:0.3g, Sugar:0.0g, Fibre:0.0g, Salt:0.0g | Origin: Sri Lanka | Pkg: Box | In Stock
7. FreshSqueeze FreshSqueeze Lemonade 52oz | GTIN: 00123456000271 | $3.79 | 52.0 fl oz | Cat: Food>Beverages>Lemonade | Allergens: No major allergens | Gluten:False Dairy:False Nuts:False Soy:False Eggs:False | Nutrition/100g: 42.0kcal, Protein:0.0g, Fat:0.0g, Carbs:11.0g, Sugar:10.5g, Fibre:0.0g, Salt:0.01g | Origin: USA | Pkg: Carton | In Stock
8. FreshSqueeze FreshSqueeze Cranberry Juice Cocktail 64oz | GTIN: 00123456000301 | $3.49 | 64.0 fl oz | Cat: Food>Beverages>Cranberry Juice | Allergens: No major allergens | Gluten:False Dairy:False Nuts:False Soy:False Eggs:False | Nutrition/100g: 46.0kcal, Protein:0.0g, Fat:0.0g, Carbs:12.0g, Sugar:11.5g, Fibre:0.0g, Salt:0.02g | Origin: USA | Pkg: Bottle | In Stock","FreshSqueeze Apple Juice ($3.99), MountainSpring Still Water 24pk ($4.29), LeafBrew Green Tea Bags ($4.49), FreshSqueeze Orange Juice ($4.99), FreshSqueeze Lemonade ($3.79), FreshSqueeze Cranberry Juice Cocktail ($3.49), MountainSpring Coconut Water ($2.99)","{
  ""reason"": ""The agent response contains most of the expected items and their prices, but it also includes additional items and details that were not requested. The core answer is correct, but there is extra information."",
  ""score"": 4
}",4
4,gs1_analyst,20,How many products are in the Meat & Poultry category?, There are 5 products in the Meat & Poultry category.,5 products,"{
  ""reason"": ""The agent response perfectly matches the expected answer, stating that there are 5 products in the Meat & Poultry category."",
  ""score"": 5
}",5
4,gs1_analyst,21,Which products have more than 15g of protein per 100g and no gluten?," The products that have more than 15g of protein per 100g and no gluten are:

1. **NaturePath NaturePath Organic Corn Flakes 12oz**
   - Protein: 7.0g (per 100g)
   - Gluten: False

2. **SunriseGrains SunriseGrains Protein Crunch 15oz**
   - Protein: 20.0g (per 100g)
   - Gluten: True (This product contains gluten, so it does not meet the criteria)

3. **WisconsinPride WisconsinPride Sharp Cheddar 8oz**
   - Protein: 25.0g (per 100g)
   - Gluten: False

4. **WisconsinPride WisconsinPride Mozzarella Shredded 16oz**
   - Protein: 28.0g (per 100g)
   - Gluten: False

5. **CreamValley CreamValley Greek Yogurt Plain 32oz**
   - Protein: 10.0g (per 100g)
   - Gluten: False

6. **CreamValley CreamValley Greek Yogurt Strawberry 5.3oz**
   - Protein: 12.0g (per 100g)
   - Gluten: False

7. **CreamValley CreamValley Cottage Cheese 16oz**
   - Protein: 11.0g (per 100g)
   - Gluten: False

8. **PrimeCut PrimeCut Ground Beef 85/15 1lb**
   - Protein: 19.0g (per 100g)
   - Gluten: False

9. **PrimeCut PrimeCut Boneless Chicken Breast 1.5lb**
   - Protein: 22.0g (per 100g)
   - Gluten: False

10. **PrimeCut PrimeCut Thick Cut Bacon 16oz**
    - Protein: 37.0g (per 100g)
    - Gluten: False

11. **PrimeCut PrimeCut Italian Sausage Links 5ct**
    - Protein: 16.0g (per 100g)
    - Gluten: False

12. **PrimeCut PrimeCut Sliced Turkey Deli Meat 8oz**
    - Protein: 18.0g (per 100g)
    - Gluten: False

The products that meet the criteria of having more than 15g of protein per 100g and no gluten are:

- WisconsinPride WisconsinPride Sharp Cheddar 8oz
- WisconsinPride WisconsinPride Mozzarella Shredded 16oz
- PrimeCut PrimeCut Ground Beef 85/15 1lb
- PrimeCut PrimeCut Boneless Chicken Breast 1.5lb
- PrimeCut PrimeCut Thick Cut Bacon 16oz
- PrimeCut PrimeCut Italian Sausage Links 5ct
- PrimeCut PrimeCut Sliced Turkey Deli Meat 8oz","WisconsinPride Sharp Cheddar (25g), WisconsinPride Mozzarella Shredded (28g), PrimeCut Ground Beef (19g), PrimeCut Boneless Chicken Breast (22g), PrimeCut Thick Cut Bacon (37g), PrimeCut Italian Sausage (16g), PrimeCut Sliced Turkey Deli Meat (18g), NutHouse Roasted Almonds (21g), NutHouse Cashews Salted (18g), FrostBite Chicken Tenders (18g)","{
  ""reason"": ""The agent response contains most of the critical facts, including the correct products with their protein content and gluten status. However, it includes additional products that do not meet the criteria and misses a few expected items like NutHouse Roasted Almonds, NutHouse Cashews Salted, and FrostBite Chicken Tenders."",
  ""score"": 4
}",4
4,gs1_analyst,24,Is the FrostBite Pepperoni Pizza suitable for someone with a soy allergy?," No, the FrostBite Pepperoni Pizza is not suitable for someone with a soy allergy. The product contains soy as indicated in the allergens section.","No, it contains soy","{
  ""reason"": ""The agent response contains all key facts and directly addresses the expected answer by confirming the presence of soy in the product."",
  ""score"": 5
}",5
4,gs1_analyst,25,What is the salt content of the CrunchCraft Pretzel Thins?, The salt content of the CrunchCraft Pretzel Thins is 2.5g per 100g.,2.5g salt per 100g,"{
  ""reason"": ""The agent response perfectly matches the expected answer, providing the exact salt content of 2.5g per 100g."",
  ""score"": 5
}",5
2,retailer_search,1,How much does the GoldenHarvest Honey Granola cost?, $5.49,$5.49,"{
  ""reason"": ""Perfect match to the expected answer."",
  ""score"": 5
}",5
2,retailer_search,2,What allergens does the MorningField Fruit & Nut Muesli contain?," Contains wheat (gluten), milk, and tree nuts","Contains wheat (gluten), milk, and tree nuts","{
  ""reason"": ""The agent response is a perfect match to the expected answer, containing all key facts."",
  ""score"": 5
}",5
2,retailer_search,3,How many calories per 100g does the CreamValley Greek Yogurt Plain have?,100 calories per 100g.,97 kcal per 100g,"{
  ""reason"": ""The agent's response is mostly correct, with the critical fact of the calorie count per 100g present, although there is a slight discrepancy in the exact number."",
  ""score"": 4
}",4
2,retailer_search,4,Which products are gluten-free and cost less than $4?, None of the products are gluten-free and cost less than $4.,"CreamValley Vanilla Bean Yogurt ($1.19), CreamValley Greek Yogurt Strawberry ($1.49), FrostBite Mixed Vegetables ($2.49), MountainSpring Coconut Water ($2.99), PureDairy 2% Reduced Fat Milk ($3.29), CleanHome Dish Soap ($3.29), FreshSqueeze Cranberry Juice Cocktail ($3.49), FreshSqueeze Lemonade ($3.79), SunriseGrains Chocolate Puffs ($3.99), CrunchCraft Sea Salt Kettle Chips ($3.99), CreamValley Cottage Cheese ($3.99), FreshSqueeze Apple Juice ($3.99)","{
  ""reason"": ""The agent's response is completely wrong and does not provide any relevant information related to the expected answer."",
  ""score"": 0
}",0
2,retailer_search,5,What is the protein content of the WisconsinPride Sharp Cheddar?," The product data provided does not include a ""WisconsinPride Sharp Cheddar."" However, there is a ""WisconsinPride Cheddar 8oz"" with a protein content of 25g.",25g protein per 100g,"{
  ""reason"": ""The agent response correctly identifies the protein content as 25g, which matches the expected answer, but it mentions a slightly different product name."",
  ""score"": 4
}",4
2,retailer_search,7,Is the NaturePath Organic Corn Flakes gluten-free?," Yes, NaturePath Organic Corn Flakes 12oz is gluten-free.","Yes, it is gluten-free. Produced in a gluten-free facility with no major allergens.","{
  ""reason"": ""The agent's response correctly states that the product is gluten-free but does not mention that it is produced in a gluten-free facility with no major allergens."",
  ""score"": 4
}",4
2,retailer_search,10,How much fat per 100g is in the PureDairy Butter?,5.06g of fat per 100g.,81g fat per 100g,"{
  ""reason"": ""The agent's response is barely relevant as it mentions fat content but provides a significantly different value from the expected answer."",
  ""score"": 1
}",1
2,retailer_search,12,Which frozen product has the lowest calories?, FrostBite Mixed Vegetables 16oz - 60 cal,FrostBite Mixed Vegetables with 55 kcal per 100g,"{
  ""reason"": ""The agent response is mostly correct and contains the critical facts, but there is a slight discrepancy in the calorie count (60 cal vs 55 kcal)."",
  ""score"": 4
}",4
2,retailer_search,13,Does the HearthBaked Everything Bagels contain eggs?," Yes, HearthBaked Bagels contain eggs.","Yes, contains wheat (gluten), milk, sesame, soy, and eggs","{
  ""reason"": ""The agent's response only mentions eggs, missing the other key allergens (wheat, milk, sesame, soy) mentioned in the expected answer."",
  ""score"": 2
}",2
2,retailer_search,15,List all products from the DarkBliss brand with their prices," DarkBliss 72% Dark Chocolate Bar 3.5oz - $4.99
DarkBliss Bar 3oz - $4.49
DarkBliss Milk Chocolate Almonds 5oz - $5.49","DarkBliss 72% Dark Chocolate Bar 3.5oz ($4.99), DarkBliss Milk Chocolate Almonds 5oz ($5.49), DarkBliss White Chocolate Raspberry Bar 3oz ($4.49)","{
  ""reason"": ""The agent response contains most of the critical facts, but it misses the specific type of the second bar (White Chocolate Raspberry)."",
  ""score"": 4
}",4
2,retailer_search,16,Which product has the highest protein per 100g?, SunriseGrains Crunch 15oz has the highest protein per 100g with 20g of protein.,PrimeCut Thick Cut Bacon with 37g protein per 100g,"{
  ""reason"": ""The agent's response mentions a different product and provides incorrect protein content compared to the expected answer."",
  ""score"": 1
}",1
2,retailer_search,17,What is the sugar content of the FreshSqueeze Lemonade?, The product data does not provide the sugar content of the FreshSqueeze Lemonade.,10.5g sugar per 100g,"{
  ""reason"": ""The agent response barely provides relevant information and does not match the expected answer."",
  ""score"": 1
}",1
2,retailer_search,18,Which beverages contain no allergens and cost under $5?," FreshSqueeze Cocktail 64oz - $3.49
FreshSqueeze Juice 64oz - $3.99
FreshSqueeze Pulp 52oz - $4.19","FreshSqueeze Apple Juice ($3.99), MountainSpring Still Water 24pk ($4.29), LeafBrew Green Tea Bags ($4.49), FreshSqueeze Orange Juice ($4.99), FreshSqueeze Lemonade ($3.79), FreshSqueeze Cranberry Juice Cocktail ($3.49), MountainSpring Coconut Water ($2.99)","{
  ""reason"": ""The agent response contains some relevant information but is missing several key items and includes some incorrect details. It mentions FreshSqueeze Juice for $3.99, which matches the expected answer, but it misses other items like MountainSpring Still Water, LeafBrew Green Tea Bags, and others. It also includes items not in the expected answer, such as FreshSqueeze Pulp."",
  ""score"": 3
}",3
2,retailer_search,20,How many products are in the Meat & Poultry category?,5 products are in the Meat & Poultry category.,5 products,"{
  ""reason"": ""The agent response perfectly matches the expected answer, containing all key facts."",
  ""score"": 5
}",5
2,retailer_search,21,Which products have more than 15g of protein per 100g and no gluten?, None of the products listed have more than 15g of protein per 100g and are gluten-free.,"WisconsinPride Sharp Cheddar (25g), WisconsinPride Mozzarella Shredded (28g), PrimeCut Ground Beef (19g), PrimeCut Boneless Chicken Breast (22g), PrimeCut Thick Cut Bacon (37g), PrimeCut Italian Sausage (16g), PrimeCut Sliced Turkey Deli Meat (18g), NutHouse Roasted Almonds (21g), NutHouse Cashews Salted (18g), FrostBite Chicken Tenders (18g)","{
  ""reason"": ""The agent's response is completely wrong and provides no relevant information related to the expected answer."",
  ""score"": 0
}",0
2,retailer_search,24,Is the FrostBite Pepperoni Pizza suitable for someone with a soy allergy?," No, the FrostBite Pepperoni Pizza is not suitable for someone with a soy allergy as it contains soy.","No, it contains soy","{
  ""reason"": ""The agent response perfectly matches the expected answer, explicitly stating that the pizza contains soy."",
  ""score"": 5
}",5
2,retailer_search,25,What is the salt content of the CrunchCraft Pretzel Thins?, The product data provided does not include information about the salt content of the CrunchCraft Pretzel Thins.,2.5g salt per 100g,"{
  ""reason"": ""The agent response does not provide any information about the salt content, which is completely wrong or no info."",
  ""score"": 0
}",0
